Compagnie,Année,Mois,Type,Nombre_De_Vols
247 Aviation,2024,11,Arrivée,1
2Excel Aviation,2024,2,Arrivée,2
2Excel Aviation,2024,2,Départ,4
Acass Ireland,2024,10,Arrivée,1
Acass Ireland,2024,10,Départ,1
Aegean Airlines,2024,4,Arrivée,34
Aegean Airlines,2024,4,Départ,31
Aegean Airlines,2024,5,Arrivée,66
Aegean Airlines,2024,5,Départ,67
Aegean Airlines,2024,6,Arrivée,61
Aegean Airlines,2024,6,Départ,61
Aegean Airlines,2024,7,Arrivée,53
Aegean Airlines,2024,7,Départ,54
Aegean Airlines,2024,8,Arrivée,52
Aegean Airlines,2024,8,Départ,53
Aegean Airlines,2024,9,Arrivée,55
Aegean Airlines,2024,9,Départ,54
Aegean Airlines,2024,10,Arrivée,51
Aegean Airlines,2024,10,Départ,49
Aegean Airlines,2024,11,Arrivée,6
Aegean Airlines,2024,11,Départ,6
Aegean Airlines,2024,12,Arrivée,4
Aegean Airlines,2024,12,Départ,4
Aer Lingus,2024,5,Arrivée,27
Aer Lingus,2024,5,Départ,27
Aer Lingus,2024,6,Arrivée,26
Aer Lingus,2024,6,Départ,26
Aer Lingus,2024,7,Arrivée,26
Aer Lingus,2024,7,Départ,26
Aer Lingus,2024,8,Arrivée,27
Aer Lingus,2024,8,Départ,27
Aer Lingus,2024,9,Arrivée,27
Aer Lingus,2024,9,Départ,26
Aero4M,2024,5,Arrivée,1
Aero4M,2024,8,Arrivée,1
Aeromexico,2024,2,Arrivée,125
Aeromexico,2024,2,Départ,125
Aeromexico,2024,3,Arrivée,151
Aeromexico,2024,3,Départ,151
Aeromexico,2024,4,Arrivée,132
Aeromexico,2024,4,Départ,127
Aeromexico,2024,5,Arrivée,156
Aeromexico,2024,5,Départ,145
Aeromexico,2024,6,Arrivée,158
Aeromexico,2024,6,Départ,149
Aeromexico,2024,7,Arrivée,135
Aeromexico,2024,7,Départ,130
Aeromexico,2024,8,Arrivée,134
Aeromexico,2024,8,Départ,125
Aeromexico,2024,9,Arrivée,139
Aeromexico,2024,9,Départ,131
Aeromexico,2024,10,Arrivée,143
Aeromexico,2024,10,Départ,136
Aeromexico,2024,11,Arrivée,114
Aeromexico,2024,11,Départ,115
Aeromexico,2024,12,Arrivée,142
Aeromexico,2024,12,Départ,140
Aeroways,2024,12,Arrivée,1
Aeroways,2024,12,Départ,1
Air Baltic,2024,2,Arrivée,2
Air Baltic,2024,2,Départ,2
Air Baltic,2024,3,Arrivée,4
Air Baltic,2024,3,Départ,4
Air Baltic,2024,4,Arrivée,8
Air Baltic,2024,4,Départ,8
Air Baltic,2024,5,Arrivée,20
Air Baltic,2024,5,Départ,20
Air Baltic,2024,6,Arrivée,13
Air Baltic,2024,6,Départ,12
Air Baltic,2024,7,Arrivée,13
Air Baltic,2024,7,Départ,13
Air Baltic,2024,8,Arrivée,15
Air Baltic,2024,8,Départ,15
Air Baltic,2024,9,Arrivée,18
Air Baltic,2024,9,Départ,18
Air Baltic,2024,10,Arrivée,15
Air Baltic,2024,10,Départ,15
Air Cairo,2024,2,Arrivée,3
Air Cairo,2024,2,Départ,2
Air Cairo,2024,3,Arrivée,5
Air Cairo,2024,3,Départ,5
Air Cairo,2024,4,Arrivée,4
Air Cairo,2024,4,Départ,4
Air Cairo,2024,5,Arrivée,4
Air Cairo,2024,5,Départ,4
Air Cairo,2024,6,Arrivée,2
Air Cairo,2024,6,Départ,2
Air Charter Scotland,2024,6,Départ,1
Air Charters Europe,2024,5,Arrivée,1
Air Charters Europe,2024,5,Départ,1
Air Charters Europe,2024,6,Arrivée,2
Air Charters Europe,2024,6,Départ,2
Air Charters Europe,2024,8,Arrivée,1
Air Charters Europe,2024,8,Départ,2
Air Charters Europe,2024,9,Arrivée,2
Air Charters Europe,2024,9,Départ,3
Air Charters Europe,2024,11,Arrivée,2
Air Charters Europe,2024,11,Départ,2
Air Corsica,2024,2,Arrivée,30
Air Corsica,2024,2,Départ,31
Air Corsica,2024,3,Arrivée,37
Air Corsica,2024,3,Départ,37
Air Corsica,2024,4,Arrivée,25
Air Corsica,2024,4,Départ,25
Air Corsica,2024,5,Arrivée,26
Air Corsica,2024,5,Départ,26
Air Corsica,2024,6,Arrivée,33
Air Corsica,2024,6,Départ,33
Air Corsica,2024,7,Arrivée,16
Air Corsica,2024,7,Départ,16
Air Corsica,2024,8,Arrivée,8
Air Corsica,2024,8,Départ,8
Air Corsica,2024,9,Arrivée,34
Air Corsica,2024,9,Départ,34
Air Corsica,2024,10,Arrivée,30
Air Corsica,2024,10,Départ,30
Air Corsica,2024,11,Arrivée,30
Air Corsica,2024,11,Départ,32
Air Corsica,2024,12,Arrivée,24
Air Corsica,2024,12,Départ,24
Air Dolomiti,2024,12,Arrivée,2
Air Dolomiti,2024,12,Départ,2
Air Explore,2024,3,Arrivée,1
Air Explore,2024,3,Départ,1
Air France,2024,2,Arrivée,269
Air France,2024,2,Départ,271
Air France,2024,3,Arrivée,293
Air France,2024,3,Départ,294
Air France,2024,4,Arrivée,271
Air France,2024,4,Départ,272
Air France,2024,5,Arrivée,278
Air France,2024,5,Départ,277
Air France,2024,6,Arrivée,297
Air France,2024,6,Départ,297
Air France,2024,7,Arrivée,270
Air France,2024,7,Départ,270
Air France,2024,8,Arrivée,229
Air France,2024,8,Départ,231
Air France,2024,9,Arrivée,279
Air France,2024,9,Départ,279
Air France,2024,10,Arrivée,290
Air France,2024,10,Départ,292
Air France,2024,11,Arrivée,264
Air France,2024,11,Départ,266
Air France,2024,12,Arrivée,285
Air France,2024,12,Départ,283
Air Mauritius,2024,2,Arrivée,95
Air Mauritius,2024,2,Départ,89
Air Mauritius,2024,3,Arrivée,112
Air Mauritius,2024,3,Départ,108
Air Mauritius,2024,4,Arrivée,66
Air Mauritius,2024,4,Départ,91
Air Mauritius,2024,5,Arrivée,78
Air Mauritius,2024,5,Départ,103
Air Mauritius,2024,6,Arrivée,79
Air Mauritius,2024,6,Départ,105
Air Mauritius,2024,7,Arrivée,66
Air Mauritius,2024,7,Départ,97
Air Mauritius,2024,8,Arrivée,62
Air Mauritius,2024,8,Départ,93
Air Mauritius,2024,9,Arrivée,65
Air Mauritius,2024,9,Départ,93
Air Mauritius,2024,10,Arrivée,76
Air Mauritius,2024,10,Départ,97
Air Mauritius,2024,11,Arrivée,88
Air Mauritius,2024,11,Départ,83
Air Mauritius,2024,12,Arrivée,98
Air Mauritius,2024,12,Départ,95
Air Montenegro,2024,4,Arrivée,1
Air Montenegro,2024,4,Départ,1
Air Montenegro,2024,5,Arrivée,8
Air Montenegro,2024,5,Départ,8
Air Montenegro,2024,6,Arrivée,11
Air Montenegro,2024,6,Départ,11
Air Montenegro,2024,7,Arrivée,2
Air Montenegro,2024,7,Départ,1
Air Montenegro,2024,8,Arrivée,4
Air Montenegro,2024,8,Départ,5
Air Montenegro,2024,9,Arrivée,6
Air Montenegro,2024,9,Départ,6
Air Montenegro,2024,10,Arrivée,4
Air Montenegro,2024,10,Départ,4
Air Peace,2024,7,Départ,1
Air Serbia,2024,2,Arrivée,66
Air Serbia,2024,2,Départ,58
Air Serbia,2024,3,Arrivée,81
Air Serbia,2024,3,Départ,70
Air Serbia,2024,4,Arrivée,27
Air Serbia,2024,4,Départ,37
Air Serbia,2024,5,Arrivée,31
Air Serbia,2024,5,Départ,43
Air Serbia,2024,6,Arrivée,30
Air Serbia,2024,6,Départ,44
Air Serbia,2024,7,Arrivée,30
Air Serbia,2024,7,Départ,33
Air Serbia,2024,8,Arrivée,31
Air Serbia,2024,8,Départ,31
Air Serbia,2024,9,Arrivée,30
Air Serbia,2024,9,Départ,38
Air Serbia,2024,10,Arrivée,31
Air Serbia,2024,10,Départ,37
Air Serbia,2024,11,Arrivée,32
Air Serbia,2024,11,Départ,32
Air Serbia,2024,12,Arrivée,51
Air Serbia,2024,12,Départ,36
Air Transat,2024,5,Arrivée,15
Air Transat,2024,5,Départ,15
Air Transat,2024,6,Arrivée,19
Air Transat,2024,6,Départ,19
Air Transat,2024,7,Arrivée,23
Air Transat,2024,7,Départ,23
Air Transat,2024,8,Arrivée,23
Air Transat,2024,8,Départ,22
Air Transat,2024,9,Arrivée,21
Air Transat,2024,9,Départ,21
Air Transat,2024,10,Arrivée,18
Air Transat,2024,10,Départ,19
Air Transat,2024,11,Arrivée,4
Air Transat,2024,11,Départ,4
Air Transat,2024,12,Arrivée,7
Air Transat,2024,12,Départ,7
Airlec Air Espace,2024,3,Arrivée,2
Airlec Air Espace,2024,3,Départ,2
Airlec Air Espace,2024,6,Arrivée,1
Airlec Air Espace,2024,6,Départ,2
Airlec Air Espace,2024,7,Arrivée,1
Airlec Air Espace,2024,7,Départ,1
Airlec Air Espace,2024,8,Arrivée,2
Airlec Air Espace,2024,8,Départ,2
Airlec Air Espace,2024,9,Arrivée,1
Airlec Air Espace,2024,9,Départ,1
Airlec Air Espace,2024,11,Arrivée,1
Airlec Air Espace,2024,11,Départ,1
Ais Airlines,2024,6,Arrivée,1
Ais Airlines,2024,6,Départ,1
Albastar,2024,4,Arrivée,1
Albastar,2024,4,Départ,1
Albastar,2024,8,Arrivée,1
Albastar,2024,8,Départ,1
Albastar,2024,12,Départ,1
Aliserio,2024,5,Arrivée,1
Aliserio,2024,5,Départ,1
Aliserio,2024,7,Arrivée,1
Aliserio,2024,7,Départ,1
Aliserio,2024,11,Départ,1
Alitalia,2024,2,Arrivée,125
Alitalia,2024,2,Départ,125
Alitalia,2024,3,Arrivée,152
Alitalia,2024,3,Départ,152
Alitalia,2024,4,Arrivée,126
Alitalia,2024,4,Départ,127
Alitalia,2024,5,Arrivée,147
Alitalia,2024,5,Départ,145
Alitalia,2024,6,Arrivée,149
Alitalia,2024,6,Départ,149
Alitalia,2024,7,Arrivée,128
Alitalia,2024,7,Départ,130
Alitalia,2024,8,Arrivée,124
Alitalia,2024,8,Départ,125
Alitalia,2024,9,Arrivée,131
Alitalia,2024,9,Départ,131
Alitalia,2024,10,Arrivée,131
Alitalia,2024,10,Départ,131
Alitalia,2024,11,Arrivée,89
Alitalia,2024,11,Départ,90
Alitalia,2024,12,Arrivée,115
Alitalia,2024,12,Départ,113
Amelia,2024,2,Arrivée,2
Amelia,2024,2,Départ,2
Amelia,2024,3,Arrivée,3
Amelia,2024,3,Départ,3
Amelia,2024,8,Arrivée,1
Amelia,2024,9,Arrivée,1
Amelia,2024,9,Départ,3
Amelia,2024,10,Arrivée,3
Amelia,2024,10,Départ,3
Amelia,2024,11,Arrivée,1
American Airlines,2024,2,Arrivée,58
American Airlines,2024,3,Arrivée,61
American Airlines,2024,4,Arrivée,56
American Airlines,2024,5,Arrivée,58
American Airlines,2024,5,Départ,1
American Airlines,2024,6,Arrivée,55
American Airlines,2024,7,Arrivée,58
American Airlines,2024,8,Arrivée,58
American Airlines,2024,9,Arrivée,55
American Airlines,2024,10,Arrivée,55
American Airlines,2024,10,Départ,5
American Airlines,2024,11,Arrivée,54
American Airlines,2024,11,Départ,30
American Airlines,2024,12,Arrivée,62
American Airlines,2024,12,Départ,31
Animawings,2024,4,Arrivée,1
Animawings,2024,4,Départ,1
Animawings,2024,5,Arrivée,8
Animawings,2024,5,Départ,8
Animawings,2024,6,Arrivée,8
Animawings,2024,6,Départ,8
Animawings,2024,7,Arrivée,9
Animawings,2024,7,Départ,9
Animawings,2024,8,Arrivée,9
Animawings,2024,8,Départ,9
Animawings,2024,9,Arrivée,9
Animawings,2024,9,Départ,8
Animawings,2024,10,Arrivée,3
Animawings,2024,10,Départ,4
Asl Airlines France,2024,12,Arrivée,1
Asl Airlines France,2024,12,Départ,1
Asl Airlines Ireland,2024,3,Arrivée,7
Asl Airlines Ireland,2024,3,Départ,7
Asl Airlines Ireland,2024,5,Arrivée,6
Asl Airlines Ireland,2024,5,Départ,6
Asl Airlines Ireland,2024,6,Arrivée,3
Asl Airlines Ireland,2024,6,Départ,3
Asl Airlines Ireland,2024,7,Arrivée,2
Asl Airlines Ireland,2024,7,Départ,2
Asl Airlines Ireland,2024,8,Arrivée,2
Asl Airlines Ireland,2024,8,Départ,2
Asl Airlines Ireland,2024,9,Arrivée,2
Asl Airlines Ireland,2024,9,Départ,2
Asl Airlines Ireland,2024,10,Arrivée,2
Asl Airlines Ireland,2024,10,Départ,2
Asl Airlines Ireland,2024,11,Arrivée,3
Asl Airlines Ireland,2024,11,Départ,3
Asl Airlines Ireland,2024,12,Arrivée,1
Asl Airlines Ireland,2024,12,Départ,1
B.J. Aviation,2024,4,Arrivée,1
B.J. Aviation,2024,4,Départ,1
B.J. Aviation,2024,5,Arrivée,2
B.J. Aviation,2024,5,Départ,1
B.J. Aviation,2024,6,Arrivée,2
B.J. Aviation,2024,6,Départ,2
B.J. Aviation,2024,9,Arrivée,1
B.J. Aviation,2024,9,Départ,1
Belgian Air Component,2024,4,Arrivée,1
Belgian Air Component,2024,7,Départ,1
Belgian Air Component,2024,8,Arrivée,1
Belgian Air Component,2024,8,Départ,2
Bioflight,2024,4,Arrivée,1
Bioflight,2024,4,Départ,1
Blue Bird Airways,2024,4,Arrivée,1
Blue Bird Airways,2024,4,Départ,1
Blue Bird Airways,2024,5,Arrivée,4
Blue Bird Airways,2024,5,Départ,5
China Eastern Airlines,2024,2,Arrivée,29
China Eastern Airlines,2024,2,Départ,29
China Eastern Airlines,2024,3,Arrivée,32
China Eastern Airlines,2024,3,Départ,34
China Eastern Airlines,2024,4,Arrivée,56
China Eastern Airlines,2024,4,Départ,54
China Eastern Airlines,2024,5,Arrivée,62
China Eastern Airlines,2024,5,Départ,55
China Eastern Airlines,2024,6,Arrivée,60
China Eastern Airlines,2024,6,Départ,54
China Eastern Airlines,2024,7,Arrivée,61
China Eastern Airlines,2024,7,Départ,62
China Eastern Airlines,2024,8,Arrivée,62
China Eastern Airlines,2024,8,Départ,62
China Eastern Airlines,2024,9,Arrivée,60
China Eastern Airlines,2024,9,Départ,52
China Eastern Airlines,2024,10,Arrivée,57
China Eastern Airlines,2024,10,Départ,50
China Eastern Airlines,2024,11,Arrivée,60
China Eastern Airlines,2024,11,Départ,56
China Eastern Airlines,2024,12,Arrivée,63
China Eastern Airlines,2024,12,Départ,57
Cityjet,2024,3,Arrivée,1
Cityjet,2024,3,Départ,1
Cityjet,2024,4,Arrivée,28
Cityjet,2024,4,Départ,27
Cityjet,2024,5,Arrivée,31
Cityjet,2024,5,Départ,32
Cityjet,2024,6,Arrivée,30
Cityjet,2024,6,Départ,30
Cityjet,2024,7,Arrivée,29
Cityjet,2024,7,Départ,28
Cityjet,2024,8,Arrivée,31
Cityjet,2024,8,Départ,31
Cityjet,2024,9,Arrivée,29
Cityjet,2024,9,Départ,29
Cityjet,2024,10,Arrivée,28
Cityjet,2024,10,Départ,28
Cityjet,2024,11,Arrivée,11
Cityjet,2024,11,Départ,11
Cityjet,2024,12,Arrivée,10
Cityjet,2024,12,Départ,10
Comlux,2024,7,Arrivée,1
Comlux,2024,7,Départ,1
Corsair,2024,2,Arrivée,10
Corsair,2024,2,Départ,8
Corsair,2024,3,Arrivée,8
Corsair,2024,3,Départ,9
Corsair,2024,4,Arrivée,9
Corsair,2024,4,Départ,9
Corsair,2024,5,Arrivée,2
Corsair,2024,5,Départ,2
Corsair,2024,12,Arrivée,5
Corsair,2024,12,Départ,5
Cyprus Airways,2024,4,Arrivée,1
Cyprus Airways,2024,4,Départ,1
Cyprus Airways,2024,5,Arrivée,1
Cyprus Airways,2024,5,Départ,1
Das Private Jets,2024,6,Arrivée,3
Das Private Jets,2024,6,Départ,3
Delta Air Lines,2024,2,Arrivée,130
Delta Air Lines,2024,2,Départ,164
Delta Air Lines,2024,3,Arrivée,158
Delta Air Lines,2024,3,Départ,194
Delta Air Lines,2024,4,Arrivée,129
Delta Air Lines,2024,4,Départ,158
Delta Air Lines,2024,5,Arrivée,146
Delta Air Lines,2024,5,Départ,178
Delta Air Lines,2024,6,Arrivée,151
Delta Air Lines,2024,6,Départ,188
Delta Air Lines,2024,7,Arrivée,131
Delta Air Lines,2024,7,Départ,159
Delta Air Lines,2024,8,Arrivée,124
Delta Air Lines,2024,8,Départ,156
Delta Air Lines,2024,9,Arrivée,135
Delta Air Lines,2024,9,Départ,173
Delta Air Lines,2024,10,Arrivée,139
Delta Air Lines,2024,10,Départ,182
Delta Air Lines,2024,11,Arrivée,118
Delta Air Lines,2024,11,Départ,150
Delta Air Lines,2024,12,Arrivée,143
Delta Air Lines,2024,12,Départ,176
Dhl Air,2024,2,Arrivée,3
Dhl Air,2024,2,Départ,1
Dhl Air,2024,3,Arrivée,1
Dhl Air,2024,3,Départ,2
Dhl Air,2024,5,Départ,1
Dhl Air,2024,8,Arrivée,1
Dhl Air,2024,8,Départ,1
Dragonfly Executive,2024,5,Arrivée,1
Dragonfly Executive,2024,5,Départ,1
Dragonfly Executive,2024,6,Arrivée,1
Dragonfly Executive,2024,6,Départ,1
Easyjet,2024,2,Arrivée,408
Easyjet,2024,2,Départ,401
Easyjet,2024,3,Arrivée,513
Easyjet,2024,3,Départ,511
Easyjet,2024,4,Arrivée,539
Easyjet,2024,4,Départ,546
Easyjet,2024,5,Arrivée,578
Easyjet,2024,5,Départ,582
Easyjet,2024,6,Arrivée,548
Easyjet,2024,6,Départ,546
Easyjet,2024,7,Arrivée,504
Easyjet,2024,7,Départ,503
Easyjet,2024,8,Arrivée,487
Easyjet,2024,8,Départ,489
Easyjet,2024,9,Arrivée,553
Easyjet,2024,9,Départ,553
Easyjet,2024,10,Arrivée,572
Easyjet,2024,10,Départ,571
Easyjet,2024,11,Arrivée,431
Easyjet,2024,11,Départ,432
Easyjet,2024,12,Arrivée,509
Easyjet,2024,12,Départ,513
Electra Airways,2024,4,Arrivée,1
Electra Airways,2024,4,Départ,1
Electra Airways,2024,5,Arrivée,2
Electra Airways,2024,5,Départ,2
Electra Airways,2024,6,Arrivée,9
Electra Airways,2024,6,Départ,9
Electra Airways,2024,7,Arrivée,9
Electra Airways,2024,7,Départ,9
Electra Airways,2024,8,Arrivée,7
Electra Airways,2024,8,Départ,7
Electra Airways,2024,9,Arrivée,6
Electra Airways,2024,9,Départ,6
Enac Ecole Aviation Civile,2024,3,Arrivée,1
Enac Ecole Aviation Civile,2024,3,Départ,1
Enac Ecole Aviation Civile,2024,4,Arrivée,1
Enac Ecole Aviation Civile,2024,4,Départ,1
Enac Ecole Aviation Civile,2024,5,Arrivée,1
Enac Ecole Aviation Civile,2024,5,Départ,1
Enac Ecole Aviation Civile,2024,7,Arrivée,1
Enac Ecole Aviation Civile,2024,7,Départ,1
Enac Ecole Aviation Civile,2024,9,Arrivée,2
Enac Ecole Aviation Civile,2024,10,Arrivée,2
Enac Ecole Aviation Civile,2024,10,Départ,2
Enac Ecole Aviation Civile,2024,11,Arrivée,1
Enac Ecole Aviation Civile,2024,11,Départ,1
Enter Air,2024,2,Arrivée,1
Enter Air,2024,2,Départ,1
Enter Air,2024,3,Arrivée,1
Enter Air,2024,3,Départ,1
Enter Air,2024,5,Arrivée,1
Enter Air,2024,5,Départ,1
Enter Air,2024,6,Départ,1
Enter Air,2024,8,Départ,1
Enter Air,2024,10,Départ,1
European Flight Service,2024,11,Arrivée,1
European Flight Service,2024,11,Départ,2
Finnair,2024,2,Arrivée,92
Finnair,2024,2,Départ,103
Finnair,2024,3,Arrivée,113
Finnair,2024,3,Départ,127
Finnair,2024,4,Arrivée,89
Finnair,2024,4,Départ,127
Finnair,2024,5,Arrivée,105
Finnair,2024,5,Départ,145
Finnair,2024,6,Arrivée,104
Finnair,2024,6,Départ,149
Finnair,2024,7,Arrivée,97
Finnair,2024,7,Départ,130
Finnair,2024,8,Arrivée,93
Finnair,2024,8,Départ,125
Finnair,2024,9,Arrivée,91
Finnair,2024,9,Départ,131
Finnair,2024,10,Arrivée,97
Finnair,2024,10,Départ,131
Finnair,2024,11,Arrivée,83
Finnair,2024,11,Départ,90
Finnair,2024,12,Arrivée,107
Finnair,2024,12,Départ,113
Flexflight,2024,4,Arrivée,4
Flexflight,2024,4,Départ,4
Flexflight,2024,5,Arrivée,8
Flexflight,2024,5,Départ,8
Flexflight,2024,6,Arrivée,8
Flexflight,2024,6,Départ,8
Flexflight,2024,7,Arrivée,9
Flexflight,2024,7,Départ,9
Flexflight,2024,8,Arrivée,9
Flexflight,2024,8,Départ,9
Flexflight,2024,9,Arrivée,4
Flexflight,2024,9,Départ,4
Flexflight,2024,10,Arrivée,6
Flexflight,2024,10,Départ,6
Fly2Sky,2024,12,Arrivée,1
Fly2Sky,2024,12,Départ,1
Flywales,2024,7,Arrivée,1
France - 	Police Aux Frontiers,2024,9,Arrivée,1
France - 	Police Aux Frontiers,2024,9,Départ,1
France - 	Police Aux Frontiers,2024,11,Arrivée,1
France - 	Police Aux Frontiers,2024,11,Départ,1
France - 	Police Aux Frontiers,2024,12,Arrivée,1
France - 	Police Aux Frontiers,2024,12,Départ,1
France - Air Force,2024,2,Arrivée,2
France - Air Force,2024,2,Départ,2
France - Air Force,2024,3,Arrivée,5
France - Air Force,2024,3,Départ,2
France - Air Force,2024,4,Arrivée,2
France - Air Force,2024,5,Arrivée,5
France - Air Force,2024,5,Départ,1
France - Air Force,2024,7,Arrivée,4
France - Air Force,2024,7,Départ,3
France - Air Force,2024,9,Arrivée,6
France - Air Force,2024,10,Arrivée,9
France - Air Force,2024,10,Départ,1
France - Air Force,2024,11,Arrivée,2
France - Air Force,2024,12,Arrivée,2
France - Air Force,2024,12,Départ,1
France - Air Forces Command,2024,2,Arrivée,1
France - Air Forces Command,2024,2,Départ,1
France - Air Forces Command,2024,3,Départ,1
France - Air Forces Command,2024,5,Départ,1
France - Air Forces Command,2024,6,Arrivée,1
France - Army,2024,2,Arrivée,1
France - Army,2024,5,Arrivée,1
France - Army,2024,10,Départ,1
France - Navy,2024,5,Arrivée,1
Frost,2024,7,Arrivée,2
Frost,2024,7,Départ,1
Frost,2024,8,Arrivée,5
Frost,2024,8,Départ,4
Germany - Air Force,2024,2,Arrivée,1
Germany - Air Force,2024,7,Arrivée,1
Germany - Air Force,2024,7,Départ,1
Germany - Air Force,2024,8,Arrivée,1
Germany - Air Force,2024,8,Départ,2
Germany - Air Force,2024,12,Arrivée,2
Getjet Airlines,2024,3,Arrivée,1
Getjet Airlines,2024,3,Départ,2
Gol,2024,2,Arrivée,78
Gol,2024,2,Départ,47
Gol,2024,3,Arrivée,87
Gol,2024,3,Départ,52
Gol,2024,4,Arrivée,57
Gol,2024,4,Départ,25
Gol,2024,5,Arrivée,59
Gol,2024,5,Départ,24
Gol,2024,6,Arrivée,59
Gol,2024,6,Départ,24
Gol,2024,7,Arrivée,62
Gol,2024,7,Départ,31
Gol,2024,8,Arrivée,62
Gol,2024,8,Départ,31
Gol,2024,9,Arrivée,54
Gol,2024,9,Départ,22
Gol,2024,10,Arrivée,59
Gol,2024,10,Départ,28
Gol,2024,11,Arrivée,82
Gol,2024,11,Départ,51
Gol,2024,12,Arrivée,87
Gol,2024,12,Départ,53
Harmony Jets,2024,11,Arrivée,2
Harmony Jets,2024,11,Départ,1
Heli Air Services,2024,3,Arrivée,1
Heli Air Services,2024,3,Départ,1
Helvetic Airways,2024,2,Arrivée,1
Helvetic Airways,2024,2,Départ,1
Helvetic Airways,2024,3,Arrivée,1
Helvetic Airways,2024,3,Départ,1
Helvetic Airways,2024,4,Arrivée,3
Helvetic Airways,2024,4,Départ,3
Helvetic Airways,2024,5,Arrivée,5
Helvetic Airways,2024,5,Départ,5
Helvetic Airways,2024,6,Arrivée,9
Helvetic Airways,2024,6,Départ,9
Helvetic Airways,2024,7,Arrivée,11
Helvetic Airways,2024,7,Départ,11
Helvetic Airways,2024,8,Arrivée,12
Helvetic Airways,2024,8,Départ,12
Helvetic Airways,2024,9,Arrivée,7
Helvetic Airways,2024,9,Départ,7
Helvetic Airways,2024,10,Arrivée,7
Helvetic Airways,2024,10,Départ,7
Hi Fly,2024,7,Arrivée,4
Hungary - Air Force,2024,6,Arrivée,1
Iberia,2024,2,Arrivée,105
Iberia,2024,2,Départ,106
Iberia,2024,3,Arrivée,118
Iberia,2024,3,Départ,117
Iberia,2024,4,Arrivée,134
Iberia,2024,4,Départ,134
Iberia,2024,5,Arrivée,143
Iberia,2024,5,Départ,143
Iberia,2024,6,Arrivée,126
Iberia,2024,6,Départ,127
Iberia,2024,7,Arrivée,137
Iberia,2024,7,Départ,136
Iberia,2024,8,Arrivée,137
Iberia,2024,8,Départ,138
Iberia,2024,9,Arrivée,124
Iberia,2024,9,Départ,124
Iberia,2024,10,Arrivée,130
Iberia,2024,10,Départ,131
Iberia,2024,11,Arrivée,113
Iberia,2024,11,Départ,113
Iberia,2024,12,Arrivée,117
Iberia,2024,12,Départ,125
Jet Executive,2024,4,Arrivée,1
Jet Executive,2024,4,Départ,1
Jetnetherlands,2024,4,Arrivée,1
Jetnetherlands,2024,4,Départ,2
Jetstream,2024,9,Arrivée,1
Jetstream,2024,9,Départ,1
Jetstream,2024,10,Arrivée,1
Jetstream,2024,10,Départ,3
Kenya Airways,2024,2,Arrivée,29
Kenya Airways,2024,2,Départ,25
Kenya Airways,2024,3,Arrivée,31
Kenya Airways,2024,3,Départ,27
Kenya Airways,2024,4,Arrivée,27
Kenya Airways,2024,4,Départ,25
Kenya Airways,2024,5,Arrivée,23
Kenya Airways,2024,5,Départ,24
Kenya Airways,2024,6,Arrivée,25
Kenya Airways,2024,6,Départ,24
Kenya Airways,2024,7,Arrivée,5
Kenya Airways,2024,7,Départ,31
Kenya Airways,2024,8,Départ,31
Kenya Airways,2024,9,Arrivée,13
Kenya Airways,2024,9,Départ,22
Kenya Airways,2024,10,Arrivée,16
Kenya Airways,2024,10,Départ,23
Kenya Airways,2024,11,Arrivée,2
Kenya Airways,2024,11,Départ,15
Kenya Airways,2024,12,Arrivée,9
Kenya Airways,2024,12,Départ,5
Klasjet,2024,2,Arrivée,1
Klasjet,2024,2,Départ,1
Klm,2024,2,Arrivée,223
Klm,2024,2,Départ,223
Klm,2024,3,Arrivée,260
Klm,2024,3,Départ,260
Klm,2024,4,Arrivée,208
Klm,2024,4,Départ,211
Klm,2024,5,Arrivée,234
Klm,2024,5,Départ,235
Klm,2024,6,Arrivée,237
Klm,2024,6,Départ,243
Klm,2024,7,Arrivée,220
Klm,2024,7,Départ,223
Klm,2024,8,Arrivée,217
Klm,2024,8,Départ,218
Klm,2024,9,Arrivée,225
Klm,2024,9,Départ,229
Klm,2024,10,Arrivée,234
Klm,2024,10,Départ,239
Klm,2024,11,Arrivée,204
Klm,2024,11,Départ,205
Klm,2024,12,Arrivée,236
Klm,2024,12,Départ,235
Latam Airlines,2024,2,Arrivée,34
Latam Airlines,2024,3,Arrivée,38
Latam Airlines,2024,3,Départ,1
Latam Airlines,2024,4,Arrivée,60
Latam Airlines,2024,4,Départ,23
Latam Airlines,2024,5,Arrivée,71
Latam Airlines,2024,5,Départ,22
Latam Airlines,2024,6,Arrivée,56
Latam Airlines,2024,6,Départ,20
Latam Airlines,2024,7,Arrivée,73
Latam Airlines,2024,7,Départ,27
Latam Airlines,2024,8,Arrivée,70
Latam Airlines,2024,8,Départ,26
Latam Airlines,2024,9,Arrivée,52
Latam Airlines,2024,9,Départ,21
Latam Airlines,2024,10,Arrivée,56
Latam Airlines,2024,10,Départ,19
Latam Airlines,2024,11,Arrivée,68
Latam Airlines,2024,11,Départ,9
Latam Airlines,2024,12,Arrivée,72
Latam Airlines,2024,12,Départ,7
Leav Aviation,2024,7,Départ,1
Life Line Aviation,2024,7,Arrivée,1
Life Line Aviation,2024,7,Départ,1
Lot - Polish Airlines,2024,2,Arrivée,8
Lot - Polish Airlines,2024,2,Départ,8
Lot - Polish Airlines,2024,3,Arrivée,9
Lot - Polish Airlines,2024,3,Départ,9
Lot - Polish Airlines,2024,4,Arrivée,13
Lot - Polish Airlines,2024,4,Départ,13
Lot - Polish Airlines,2024,5,Arrivée,13
Lot - Polish Airlines,2024,5,Départ,13
Lot - Polish Airlines,2024,6,Arrivée,13
Lot - Polish Airlines,2024,6,Départ,13
Lot - Polish Airlines,2024,7,Arrivée,13
Lot - Polish Airlines,2024,7,Départ,13
Lot - Polish Airlines,2024,8,Arrivée,14
Lot - Polish Airlines,2024,8,Départ,14
Lot - Polish Airlines,2024,9,Arrivée,12
Lot - Polish Airlines,2024,9,Départ,12
Lot - Polish Airlines,2024,10,Arrivée,12
Lot - Polish Airlines,2024,10,Départ,12
Lufthansa,2024,2,Arrivée,24
Lufthansa,2024,2,Départ,24
Lufthansa,2024,3,Arrivée,25
Lufthansa,2024,3,Départ,26
Lufthansa,2024,4,Arrivée,2
Lufthansa,2024,4,Départ,3
Lufthansa,2024,6,Départ,1
Lufthansa,2024,7,Arrivée,2
Lufthansa,2024,7,Départ,3
Lufthansa,2024,9,Arrivée,1
Lufthansa,2024,9,Départ,1
Lufthansa,2024,10,Arrivée,5
Lufthansa,2024,10,Départ,5
Lufthansa,2024,11,Arrivée,26
Lufthansa,2024,11,Départ,26
Lufthansa,2024,12,Arrivée,23
Lufthansa,2024,12,Départ,24
Malta Air,2024,5,Arrivée,14
Malta Air,2024,5,Départ,14
Malta Air,2024,6,Arrivée,3
Malta Air,2024,6,Départ,3
Malta Air,2024,8,Arrivée,10
Malta Air,2024,8,Départ,10
Malta Air,2024,9,Arrivée,3
Malta Air,2024,9,Départ,3
Malta Air,2024,10,Arrivée,3
Malta Air,2024,10,Départ,3
Malta Medair,2024,10,Arrivée,1
Malta Medair,2024,10,Départ,1
Mhs Aviation,2024,6,Arrivée,1
Mhs Aviation,2024,6,Départ,1
Mistral Air,2024,6,Arrivée,1
Mistral Air,2024,6,Départ,1
Nile Air,2024,2,Arrivée,2
Nile Air,2024,2,Départ,2
Nile Air,2024,3,Arrivée,7
Nile Air,2024,3,Départ,6
Nile Air,2024,4,Arrivée,4
Nile Air,2024,4,Départ,5
Nile Air,2024,5,Arrivée,7
Nile Air,2024,5,Départ,4
Nile Air,2024,10,Arrivée,1
Nile Air,2024,11,Arrivée,2
Nile Air,2024,11,Départ,1
North Flying,2024,2,Arrivée,1
North Flying,2024,2,Départ,1
North Flying,2024,5,Arrivée,1
North Flying,2024,9,Arrivée,1
North Flying,2024,9,Départ,1
North Flying,2024,10,Arrivée,2
North Flying,2024,10,Départ,1
North Flying,2024,11,Arrivée,1
North Flying,2024,11,Départ,2
Nouvelair Tunisie,2024,2,Arrivée,8
Nouvelair Tunisie,2024,2,Départ,8
Nouvelair Tunisie,2024,3,Arrivée,10
Nouvelair Tunisie,2024,3,Départ,10
Nouvelair Tunisie,2024,4,Arrivée,20
Nouvelair Tunisie,2024,4,Départ,20
Nouvelair Tunisie,2024,5,Arrivée,17
Nouvelair Tunisie,2024,5,Départ,18
Nouvelair Tunisie,2024,6,Arrivée,13
Nouvelair Tunisie,2024,6,Départ,13
Nouvelair Tunisie,2024,7,Arrivée,13
Nouvelair Tunisie,2024,7,Départ,12
Nouvelair Tunisie,2024,8,Arrivée,17
Nouvelair Tunisie,2024,8,Départ,17
Nouvelair Tunisie,2024,9,Arrivée,14
Nouvelair Tunisie,2024,9,Départ,14
Nouvelair Tunisie,2024,10,Arrivée,26
Nouvelair Tunisie,2024,10,Départ,25
Nouvelair Tunisie,2024,11,Arrivée,12
Nouvelair Tunisie,2024,11,Départ,12
Nouvelair Tunisie,2024,12,Arrivée,19
Nouvelair Tunisie,2024,12,Départ,19
Nyxair,2024,3,Arrivée,3
Nyxair,2024,3,Départ,2
Oyonnair,2024,2,Arrivée,4
Oyonnair,2024,2,Départ,3
Oyonnair,2024,3,Arrivée,13
Oyonnair,2024,3,Départ,10
Oyonnair,2024,4,Arrivée,2
Oyonnair,2024,4,Départ,2
Oyonnair,2024,5,Arrivée,9
Oyonnair,2024,5,Départ,5
Oyonnair,2024,6,Arrivée,8
Oyonnair,2024,6,Départ,4
Oyonnair,2024,7,Arrivée,6
Oyonnair,2024,7,Départ,5
Oyonnair,2024,8,Arrivée,8
Oyonnair,2024,8,Départ,7
Oyonnair,2024,9,Arrivée,4
Oyonnair,2024,9,Départ,3
Oyonnair,2024,10,Arrivée,4
Oyonnair,2024,10,Départ,4
Oyonnair,2024,11,Arrivée,10
Oyonnair,2024,11,Départ,5
Oyonnair,2024,12,Arrivée,2
Oyonnair,2024,12,Départ,2
Pan Europeenne,2024,4,Arrivée,1
Pan Europeenne,2024,4,Départ,1
Pan Europeenne,2024,6,Arrivée,2
Pan Europeenne,2024,6,Départ,2
Pan Europeenne,2024,9,Arrivée,1
Pan Europeenne,2024,9,Départ,1
Pan Europeenne Air Service,2024,3,Arrivée,1
Pan Europeenne Air Service,2024,3,Départ,1
Pan Europeenne Air Service,2024,7,Arrivée,1
Pan Europeenne Air Service,2024,7,Départ,1
Platoon Aviation,2024,4,Arrivée,1
Platoon Aviation,2024,4,Départ,1
Platoon Aviation,2024,7,Arrivée,1
Platoon Aviation,2024,7,Départ,1
Porter Airlines,2024,5,Arrivée,15
Porter Airlines,2024,5,Départ,15
Porter Airlines,2024,6,Arrivée,19
Porter Airlines,2024,6,Départ,19
Porter Airlines,2024,7,Arrivée,23
Porter Airlines,2024,7,Départ,23
Porter Airlines,2024,8,Arrivée,23
Porter Airlines,2024,8,Départ,22
Porter Airlines,2024,9,Arrivée,21
Porter Airlines,2024,9,Départ,21
Porter Airlines,2024,10,Arrivée,18
Porter Airlines,2024,10,Départ,18
Porter Airlines,2024,11,Arrivée,4
Porter Airlines,2024,11,Départ,4
Porter Airlines,2024,12,Arrivée,7
Porter Airlines,2024,12,Départ,7
Private Owner,2024,9,Arrivée,1
Private Owner,2024,9,Départ,1
Proair Aviation,2024,7,Arrivée,1
Proair Aviation,2024,7,Départ,1
Qatar Airways,2024,2,Arrivée,106
Qatar Airways,2024,2,Départ,114
Qatar Airways,2024,3,Arrivée,126
Qatar Airways,2024,3,Départ,131
Qatar Airways,2024,4,Arrivée,95
Qatar Airways,2024,4,Départ,143
Qatar Airways,2024,5,Arrivée,109
Qatar Airways,2024,5,Départ,148
Qatar Airways,2024,6,Arrivée,98
Qatar Airways,2024,6,Départ,138
Qatar Airways,2024,7,Arrivée,125
Qatar Airways,2024,7,Départ,164
Qatar Airways,2024,8,Arrivée,123
Qatar Airways,2024,8,Départ,164
Qatar Airways,2024,9,Arrivée,93
Qatar Airways,2024,9,Départ,128
Qatar Airways,2024,10,Arrivée,96
Qatar Airways,2024,10,Départ,137
Qatar Airways,2024,11,Arrivée,113
Qatar Airways,2024,11,Départ,113
Qatar Airways,2024,12,Arrivée,117
Qatar Airways,2024,12,Départ,117
Quick Air Jet Charter,2024,3,Arrivée,1
Quick Air Jet Charter,2024,3,Départ,1
Royal Air Maroc,2024,2,Arrivée,19
Royal Air Maroc,2024,2,Départ,19
Royal Air Maroc,2024,3,Arrivée,19
Royal Air Maroc,2024,3,Départ,19
Royal Air Maroc,2024,4,Arrivée,24
Royal Air Maroc,2024,4,Départ,24
Royal Air Maroc,2024,5,Arrivée,23
Royal Air Maroc,2024,5,Départ,23
Royal Air Maroc,2024,6,Arrivée,25
Royal Air Maroc,2024,6,Départ,25
Royal Air Maroc,2024,7,Arrivée,33
Royal Air Maroc,2024,7,Départ,32
Royal Air Maroc,2024,8,Arrivée,31
Royal Air Maroc,2024,8,Départ,31
Royal Air Maroc,2024,9,Arrivée,25
Royal Air Maroc,2024,9,Départ,25
Royal Air Maroc,2024,10,Arrivée,19
Royal Air Maroc,2024,10,Départ,19
Royal Air Maroc,2024,11,Arrivée,22
Royal Air Maroc,2024,11,Départ,23
Royal Air Maroc,2024,12,Arrivée,27
Royal Air Maroc,2024,12,Départ,27
Ryanair,2024,2,Arrivée,125
Ryanair,2024,2,Départ,125
Ryanair,2024,3,Arrivée,169
Ryanair,2024,3,Départ,169
Ryanair,2024,4,Arrivée,248
Ryanair,2024,4,Départ,249
Ryanair,2024,5,Arrivée,243
Ryanair,2024,5,Départ,243
Ryanair,2024,6,Arrivée,244
Ryanair,2024,6,Départ,245
Ryanair,2024,7,Arrivée,258
Ryanair,2024,7,Départ,258
Ryanair,2024,8,Arrivée,259
Ryanair,2024,8,Départ,259
Ryanair,2024,9,Arrivée,243
Ryanair,2024,9,Départ,243
Ryanair,2024,10,Arrivée,243
Ryanair,2024,10,Départ,243
Ryanair,2024,11,Arrivée,180
Ryanair,2024,11,Départ,180
Ryanair,2024,12,Arrivée,192
Ryanair,2024,12,Départ,193
Sas,2024,4,Arrivée,1
Sas,2024,4,Départ,1
Sas,2024,10,Départ,1
Scoot,2024,9,Arrivée,1
Scoot,2024,9,Départ,1
Silver Air,2024,6,Arrivée,1
Silver Cloud Air,2024,7,Arrivée,1
Silver Cloud Air,2024,7,Départ,1
Sky Angkor,2024,9,Arrivée,1
Sky Angkor,2024,9,Départ,1
Sky Angkor,2024,10,Arrivée,6
Sky Angkor,2024,10,Départ,4
Sky Angkor,2024,11,Arrivée,6
Sky Angkor,2024,11,Départ,4
Sky Angkor,2024,12,Arrivée,2
Sky Angkor,2024,12,Départ,2
Sky Express,2024,4,Arrivée,7
Sky Express,2024,4,Départ,7
Sky Express,2024,5,Arrivée,17
Sky Express,2024,5,Départ,17
Sky Express,2024,6,Arrivée,9
Sky Express,2024,6,Départ,9
Sky Express,2024,7,Arrivée,9
Sky Express,2024,7,Départ,9
Sky Express,2024,8,Arrivée,9
Sky Express,2024,8,Départ,8
Sky Express,2024,9,Arrivée,8
Sky Express,2024,9,Départ,9
Sky Express,2024,10,Arrivée,9
Sky Express,2024,10,Départ,9
Sky Express,2024,11,Arrivée,1
Sky Express,2024,11,Départ,1
Sky Helicopteros,2024,4,Arrivée,1
Sky Helicopteros,2024,9,Arrivée,1
Smart Jet International,2024,7,Arrivée,1
Smart Jet International,2024,7,Départ,1
Smartlynx Airlines,2024,12,Arrivée,2
Smartwings,2024,2,Arrivée,1
Smartwings,2024,3,Arrivée,1
Spain - Air Force,2024,6,Arrivée,1
Spain - Air Force,2024,6,Départ,2
Sparfell Luftfahrt,2024,9,Arrivée,1
Sparfell Luftfahrt,2024,9,Départ,1
Sparfell Luftfahrt,2024,10,Arrivée,1
Sparfell Luftfahrt,2024,10,Départ,1
Sundair,2024,9,Arrivée,1
Sundair,2024,9,Départ,1
Swiss,2024,2,Arrivée,5
Swiss,2024,2,Départ,5
Swiss,2024,3,Arrivée,4
Swiss,2024,3,Départ,4
Swiss,2024,4,Arrivée,2
Swiss,2024,4,Départ,2
Swiss,2024,5,Arrivée,2
Swiss,2024,5,Départ,2
Swiss,2024,6,Arrivée,4
Swiss,2024,6,Départ,4
Swiss,2024,7,Arrivée,2
Swiss,2024,7,Départ,2
Swiss,2024,10,Arrivée,1
Swiss,2024,10,Départ,1
Swiss Air-Ambulance,2024,7,Arrivée,1
Swiss Air-Ambulance,2024,7,Départ,1
Swiss Air-Ambulance,2024,10,Arrivée,1
Swiss Air-Ambulance,2024,10,Départ,1
Tag Aviation Malta,2024,11,Arrivée,1
Tag Aviation Malta,2024,11,Départ,1
Tap Air Portugal,2024,2,Arrivée,17
Tap Air Portugal,2024,2,Départ,17
Tap Air Portugal,2024,3,Arrivée,17
Tap Air Portugal,2024,3,Départ,17
Tap Air Portugal,2024,4,Arrivée,29
Tap Air Portugal,2024,4,Départ,29
Tap Air Portugal,2024,5,Arrivée,40
Tap Air Portugal,2024,5,Départ,40
Tap Air Portugal,2024,6,Arrivée,31
Tap Air Portugal,2024,6,Départ,31
Tap Air Portugal,2024,7,Arrivée,22
Tap Air Portugal,2024,7,Départ,22
Tap Air Portugal,2024,8,Arrivée,22
Tap Air Portugal,2024,8,Départ,22
Tap Air Portugal,2024,9,Arrivée,30
Tap Air Portugal,2024,9,Départ,30
Tap Air Portugal,2024,10,Arrivée,42
Tap Air Portugal,2024,10,Départ,42
Tap Air Portugal,2024,11,Arrivée,19
Tap Air Portugal,2024,11,Départ,19
Tap Air Portugal,2024,12,Arrivée,18
Tap Air Portugal,2024,12,Départ,18
Tassili Airlines,2024,2,Arrivée,8
Tassili Airlines,2024,2,Départ,8
Tassili Airlines,2024,3,Arrivée,10
Tassili Airlines,2024,3,Départ,10
Tassili Airlines,2024,4,Arrivée,8
Tassili Airlines,2024,4,Départ,8
Tassili Airlines,2024,5,Arrivée,9
Tassili Airlines,2024,5,Départ,9
Tassili Airlines,2024,6,Arrivée,9
Tassili Airlines,2024,6,Départ,9
Tassili Airlines,2024,7,Arrivée,8
Tassili Airlines,2024,7,Départ,8
Tassili Airlines,2024,8,Arrivée,11
Tassili Airlines,2024,8,Départ,10
Tassili Airlines,2024,9,Arrivée,10
Tassili Airlines,2024,9,Départ,10
Tassili Airlines,2024,10,Arrivée,8
Tassili Airlines,2024,10,Départ,8
Tassili Airlines,2024,11,Arrivée,9
Tassili Airlines,2024,11,Départ,9
Tassili Airlines,2024,12,Arrivée,9
Tassili Airlines,2024,12,Départ,9
Trade Air,2024,2,Arrivée,2
Trade Air,2024,2,Départ,2
Trade Air,2024,4,Arrivée,3
Trade Air,2024,4,Départ,3
Trade Air,2024,5,Arrivée,5
Trade Air,2024,5,Départ,5
Trade Air,2024,6,Arrivée,7
Trade Air,2024,6,Départ,8
Trade Air,2024,7,Arrivée,3
Trade Air,2024,7,Départ,4
Trade Air,2024,8,Arrivée,3
Trade Air,2024,8,Départ,3
Trade Air,2024,9,Arrivée,5
Trade Air,2024,9,Départ,5
Trade Air,2024,10,Arrivée,3
Trade Air,2024,10,Départ,3
Transavia,2024,2,Arrivée,228
Transavia,2024,2,Départ,228
Transavia,2024,3,Arrivée,251
Transavia,2024,3,Départ,251
Transavia,2024,4,Arrivée,279
Transavia,2024,4,Départ,278
Transavia,2024,5,Arrivée,383
Transavia,2024,5,Départ,387
Transavia,2024,6,Arrivée,361
Transavia,2024,6,Départ,363
Transavia,2024,7,Arrivée,401
Transavia,2024,7,Départ,399
Transavia,2024,8,Arrivée,413
Transavia,2024,8,Départ,412
Transavia,2024,9,Arrivée,358
Transavia,2024,9,Départ,359
Transavia,2024,10,Arrivée,347
Transavia,2024,10,Départ,351
Transavia,2024,11,Arrivée,193
Transavia,2024,11,Départ,190
Transavia,2024,12,Arrivée,206
Transavia,2024,12,Départ,202
Transavia France,2024,2,Arrivée,3
Transavia France,2024,2,Départ,2
Transavia France,2024,3,Arrivée,2
Transavia France,2024,3,Départ,1
Transavia France,2024,4,Arrivée,8
Transavia France,2024,4,Départ,8
Transavia France,2024,5,Arrivée,2
Transavia France,2024,5,Départ,2
Transavia France,2024,6,Arrivée,8
Transavia France,2024,6,Départ,5
Transavia France,2024,7,Arrivée,7
Transavia France,2024,7,Départ,5
Transavia France,2024,8,Arrivée,3
Transavia France,2024,8,Départ,2
Transavia France,2024,9,Arrivée,5
Transavia France,2024,9,Départ,3
Transavia France,2024,10,Arrivée,4
Transavia France,2024,10,Départ,2
Transavia France,2024,11,Arrivée,12
Transavia France,2024,11,Départ,9
Transavia France,2024,12,Arrivée,1
Transavia France,2024,12,Départ,1
Tunisair,2024,6,Arrivée,4
Tunisair,2024,6,Départ,6
Tunisair,2024,7,Arrivée,5
Tunisair,2024,7,Départ,7
Tunisair,2024,8,Arrivée,4
Tunisair,2024,8,Départ,4
Tunisair,2024,9,Arrivée,5
Tunisair,2024,9,Départ,5
Unicair,2024,10,Arrivée,1
Unicair,2024,10,Départ,1
Valair,2024,7,Arrivée,1
Valair,2024,7,Départ,1
Vietnam Airlines,2024,2,Arrivée,50
Vietnam Airlines,2024,2,Départ,58
Vietnam Airlines,2024,3,Arrivée,54
Vietnam Airlines,2024,3,Départ,63
Vietnam Airlines,2024,4,Arrivée,54
Vietnam Airlines,2024,4,Départ,46
Vietnam Airlines,2024,5,Arrivée,55
Vietnam Airlines,2024,5,Départ,31
Vietnam Airlines,2024,6,Arrivée,54
Vietnam Airlines,2024,6,Départ,30
Vietnam Airlines,2024,7,Arrivée,62
Vietnam Airlines,2024,7,Départ,31
Vietnam Airlines,2024,8,Arrivée,62
Vietnam Airlines,2024,8,Départ,31
Vietnam Airlines,2024,9,Arrivée,52
Vietnam Airlines,2024,9,Départ,30
Vietnam Airlines,2024,10,Arrivée,51
Vietnam Airlines,2024,10,Départ,32
Vietnam Airlines,2024,11,Arrivée,51
Vietnam Airlines,2024,11,Départ,60
Vietnam Airlines,2024,12,Arrivée,54
Vietnam Airlines,2024,12,Départ,62
Vistajet,2024,3,Arrivée,1
Vistajet,2024,4,Arrivée,1
Vistajet,2024,4,Départ,2
Vistajet,2024,6,Départ,2
Vistajet,2024,7,Arrivée,1
Vistajet,2024,7,Départ,1
Vistajet,2024,8,Arrivée,1
Vistajet,2024,8,Départ,1
Vistajet,2024,10,Arrivée,1
Vistajet,2024,10,Départ,1
Vistajet,2024,11,Arrivée,1
Vistajet,2024,11,Départ,1
Vistajet,2024,12,Arrivée,1
Vistajet,2024,12,Départ,1
Volotea,2024,2,Arrivée,179
Volotea,2024,2,Départ,176
Volotea,2024,3,Arrivée,243
Volotea,2024,3,Départ,244
Volotea,2024,4,Arrivée,474
Volotea,2024,4,Départ,472
Volotea,2024,5,Arrivée,775
Volotea,2024,5,Départ,764
Volotea,2024,6,Arrivée,701
Volotea,2024,6,Départ,699
Volotea,2024,7,Arrivée,687
Volotea,2024,7,Départ,686
Volotea,2024,8,Arrivée,686
Volotea,2024,8,Départ,683
Volotea,2024,9,Arrivée,701
Volotea,2024,9,Départ,698
Volotea,2024,10,Arrivée,772
Volotea,2024,10,Départ,764
Volotea,2024,11,Arrivée,384
Volotea,2024,11,Départ,382
Volotea,2024,12,Arrivée,442
Volotea,2024,12,Départ,440
Vueling,2024,2,Arrivée,105
Vueling,2024,2,Départ,105
Vueling,2024,3,Arrivée,117
Vueling,2024,3,Départ,116
Vueling,2024,4,Arrivée,147
Vueling,2024,4,Départ,147
Vueling,2024,5,Arrivée,151
Vueling,2024,5,Départ,151
Vueling,2024,6,Arrivée,139
Vueling,2024,6,Départ,140
Vueling,2024,7,Arrivée,150
Vueling,2024,7,Départ,149
Vueling,2024,8,Arrivée,151
Vueling,2024,8,Départ,152
Vueling,2024,9,Arrivée,135
Vueling,2024,9,Départ,134
Vueling,2024,10,Arrivée,142
Vueling,2024,10,Départ,143
Vueling,2024,11,Arrivée,113
Vueling,2024,11,Départ,113
Vueling,2024,12,Arrivée,117
Vueling,2024,12,Départ,117
Westjet,2024,2,Arrivée,51
Westjet,2024,2,Départ,49
Westjet,2024,3,Arrivée,55
Westjet,2024,3,Départ,51
Westjet,2024,4,Arrivée,46
Westjet,2024,4,Départ,58
Westjet,2024,5,Arrivée,72
Westjet,2024,5,Départ,90
Westjet,2024,6,Arrivée,92
Westjet,2024,6,Départ,110
Westjet,2024,7,Arrivée,91
Westjet,2024,7,Départ,104
Westjet,2024,8,Arrivée,95
Westjet,2024,8,Départ,102
Westjet,2024,9,Arrivée,92
Westjet,2024,9,Départ,115
Westjet,2024,10,Arrivée,87
Westjet,2024,10,Départ,95
Westjet,2024,11,Arrivée,59
Westjet,2024,11,Départ,98
Westjet,2024,12,Arrivée,80
Westjet,2024,12,Départ,106
Wideroe,2024,6,Arrivée,1
Wideroe,2024,6,Départ,2
Wind Rose Aviation Company,2024,6,Arrivée,3
Wind Rose Aviation Company,2024,6,Départ,3
Wind Rose Aviation Company,2024,7,Arrivée,5
Wind Rose Aviation Company,2024,7,Départ,5
Wind Rose Aviation Company,2024,8,Arrivée,2
Wind Rose Aviation Company,2024,8,Départ,2
Wind Rose Aviation Company,2024,10,Arrivée,2
Wind Rose Aviation Company,2024,10,Départ,2
Zeusch Aviation,2024,4,Arrivée,1
Zeusch Aviation,2024,4,Départ,1
Zeusch Aviation,2024,7,Arrivée,1
Zeusch Aviation,2024,7,Départ,1
Zeusch Aviation,2024,12,Arrivée,3
Zeusch Aviation,2024,12,Départ,3
Zimex Aviation,2024,3,Arrivée,1
Zimex Aviation,2024,3,Départ,1
Zimex Aviation,2024,8,Arrivée,4
Zimex Aviation,2024,8,Départ,3
Zimex Aviation,2024,9,Départ,1
